divers,tenders
andrew,angeleen
ben,carolyn
derek,derek
kyle,faye
lauran,gillian
neha,kaia
ondine,krystal
tanya,kyle
tristan,lauran
zach,margot
other,neha
,ondine
,tanya
,tyrel
,zach
,other
,"angeleen,carolyn"
,"angeleen,carolyn,krystal"
,"angeleen,carolyn,zach"
,"angeleen,gillian"
,"angeleen,gillian,zach"
,"angeleen,krystal"
,"angeleen,other"
,"angeleen,zach"
,"carolyn,faye,krystal"
,"carolyn,gillian"
,"carolyn,krystal"
,"derek,kyle"
,"faye,krystal"
,"gillian,krystal"
,"kyle,zach"
,"other,zach"
